Gender,NameSet,Title,GivenName,Surname,City,ZipCode,Country,EmailAddress,Username,Uuid
female,American,Mrs.,Lee,Tolman,WHEELERSTREET,"GU8 3HZ",GB,LeeKTolman@superrito.com,Thereves,5e5130ca-3365-4087-8c83-215e42852aec
female,Ukranian,Ms.,Karine,Albarran,WESTGATE,"NR21 0DE",GB,KarineRAlbarran@armyspy.com,Tionant,9c92080c-2f60-48a1-8308-ed3c4f431fe2
male,British,Mr.,William,Winkles,LONDON,"WC1V 3GL",GB,WilliamPWinkles@jourrapide.com,Thisce,4b0fa3a3-73e6-446f-8899-f7a6823bf6fb
male,Nigerian,Mr.,Scott,Lopez,OLDSTEAD,"YO6 4RL",GB,ScottALopez@rhyta.com,Mamption1985,0e89dd31-991d-4ed3-9ddc-9d32ddf3b790
female,Brazilian,Ms.,Delana,Johnson,BRAEMORE,"KW6 1ER",GB,DelanaRJohnson@gustr.com,Farmay,67765819-d5af-476e-9c05-8ac5869e9f5d
male,British,Mr.,Lucius,Renaud,WORK,"KW15 7YZ",GB,LuciusLRenaud@superrito.com,Amingin,c1829d0a-44d8-40e5-8ff6-f0fa35b62ab3
male,American,Mr.,Steven,Whetstone,WARKLEIGH,"EX37 0HL",GB,StevenKWhetstone@armyspy.com,Shight,c4691bfd-6ea1-4fdd-b353-f60ef697b24c
female,German,Ms.,Keshia,Shue,STIBB,"EX23 0ZT",GB,KeshiaKShue@fleckens.hu,Selard,5bab5a55-d436-424d-adb4-b44a30803043
female,French,Ms.,Marcia,Lemay,SPELLBROOK,"CM23 4NL",GB,MarciaRLemay@superrito.com,Ader1998,68002cea-3f30-470f-a35f-bbe892b001fd
male,British,Mr.,Michael,Bourgeois,RUSHDEN,"NN10 0EF",GB,MichaelJBourgeois@fleckens.hu,Swend1973,6a9d7133-eaea-4adb-b3e8-44f865830dd6